Workbook

Sheet Dashboard

Sheet Data_Backend
A1: 1. TÌNH HÌNH ACQUISITION & SIGNUP
A2: Chỉ số | B2: Toàn thời gian (Đến 25/04) | C2: Quý 1/2026 (Đến 31/03)
A3: Tổng Traffic (New Users) | B3: ='Raw data_1'!C6 -> 12328 | C3: ='Raw data_1'!F6 -> 8312
A4: Tổng Sign-ups (Đăng ký) | B4: ='Raw data_1'!C8 -> 1523 | C4: ='Raw data_1'!F8 -> 1031
A5: Tỷ lệ Chuyển đổi (CR) | B5: =B4/B3 -> 0.12353991 | C5: =C4/C3 -> 0.12403754
A8: 2. TĂNG TRƯỞNG ACTIVE USER (3 THÁNG GẦN NHẤT)
A9: Tháng | B9: Active Users (60s+) | C9: Tăng trưởng MoM (%)
A10: 46023 | B10: =SUM('Raw data_2'!C3:C33) -> 0
A11: 02/2026 | B11: =SUM('Raw data_2'!C34:C61) -> 1146
A12: 03/2026 | B12: =SUM('Raw data_2'!C62:C92) -> 2788 | C12: =(B12-B11)/B11 -> 1.4328098
A13: 04/2026 | B13: =SUM('Raw data_2'!C93:C118) -> 2033 | C13: =(B13-B12)/B12 -> -0.27080344
A16: 3. SỐ LƯỢNG WAU & TĂNG TRƯỞNG D7
A17: Thời gian (4 tuần gần nhất) | B17: Lượng Active 7 ngày (WAU) | C17: Tăng trưởng D7 (WoW %)
A18: Tuần 1 (29/03-04/04) | B18: =SUM('Raw data_2'!J90:J96) -> 472 | C18: N/A
A19: Tuần 2 (05/04-11/04) | B19: =SUM('Raw data_2'!J97:J103) -> 403 | C19: =(B19-B18)/B18 -> -0.14618644
A20: Tuần 3 (12/04-18/04) | B20: =SUM('Raw data_2'!J105:J110) -> 243 | C20: =(B20-B19)/B19 -> -0.39702233
A21: Tuần 4 (19/04-25/04) | B21: =SUM('Raw data_2'!J111:J117) -> 322 | C21: =(B21-B20)/B20 -> 0.32510288
A24: 4. TĂNG TRƯỞNG D30 (MAU)
A25: Tháng | B25: Lượng Active 30 ngày (MAU) | C25: Tăng trưởng D30 (MoM %)
A26: 46023 | B26: =SUM('Raw data_2'!J3:J33) -> 0 | C26: =(B26-B25)/B25 -> #VALUE!
A27: 02/2026 | B27: =SUM('Raw data_2'!J34:J61) -> 510 | C27: =(B27-B26)/B26 -> #DIV/0!
A28: 03/2026 | B28: =SUM('Raw data_2'!J62:J92) -> 1338 | C28: =(B28-B27)/B27 -> 1.6235294
A29: 04/2026 | B29: =SUM('Raw data_2'!J93:J118) -> 1319 | C29: =(B29-B28)/B28 -> -0.014200299

Sheet Raw data_1
B3: Metric | C3: Count | E3: Metric | F3: Count
B4: Period Start | C4: 12/31/2025 | E4: Period Start | F4: 12/31/2025
B5: Period End | C5: 04/25/2026 | E5: Period End | F5: 03/31/2026
B6: New Users (Anon) | C6: 12328 | E6: New Users (Anon) | F6: 8312
B7: Active Users | C7: 5967 | E7: Active Users | F7: 3939
B8: Signups | C8: 1523 | E8: Signups | F8: 1031
B9: Qualified Trials | C9: 846 | E9: Qualified Trials | F9: 549
B10: Started Trials | C10: 668 | E10: Started Trials | F10: 426
B11: Completed Trials | C11: 167 | E11: Completed Trials | F11: 80
B12: Paid Users | C12: 38 | E12: Paid Users | F12: 19
B13: 2nd Time Paid | C13: 1 | E13: 2nd Time Paid | F13: 0

Sheet Raw data_2
A1: Date | B1: New Users (Anon) | C1: Active Users (60s+) | D1: Signups | E1: Qualified Trials | F1: Started Trials | G1: Completed Trials | H1: Paid Users | I1: 2nd Time Paid | J1: Daily Active Users (DAU) | K1: Daily Practice Users (DPU) | L1: Referral Codes Generated | M1: Referral Codes Redeemed | N1: Active -> Signup % | O1: Signup -> Qualified % | P1: Qualified -> Started % | Q1: Started -> Completed % | R1: Completed -> Paid %
A2: 2025-12-31 | B2: 0 | C2: 0 | D2: 0 | E2: 0 | F2: 0 | G2: 0 | H2: 0 | I2: 0 | J2: 0 | K2: 0 | L2: 0 | M2: 0 | N2: 0 | O2: 0 | P2: 0 | Q2: 0 | R2: 0
A3: 2026-01-01 | B3: 0 | C3: 0 | D3: 0 | E3: 0 | F3: 0 | G3: 0 | H3: 0 | I3: 0 | J3: 0 | K3: 0 | L3: 0 | M3: 0 | N3: 0 | O3: 0 | P3: 0 | Q3: 0 | R3: 0
A4: 2026-01-02 | B4: 0 | C4: 0 | D4: 0 | E4: 0 | F4: 0 | G4: 0 | H4: 0 | I4: 0 | J4: 0 | K4: 0 | L4: 0 | M4: 0 | N4: 0 | O4: 0 | P4: 0 | Q4: 0 | R4: 0
A5: 2026-01-03 | B5: 0 | C5: 0 | D5: 0 | E5: 0 | F5: 0 | G5: 0 | H5: 0 | I5: 0 | J5: 0 | K5: 0 | L5: 0 | M5: 0 | N5: 0 | O5: 0 | P5: 0 | Q5: 0 | R5: 0
A6: 2026-01-04 | B6: 0 | C6: 0 | D6: 0 | E6: 0 | F6: 0 | G6: 0 | H6: 0 | I6: 0 | J6: 0 | K6: 0 | L6: 0 | M6: 0 | N6: 0 | O6: 0 | P6: 0 | Q6: 0 | R6: 0
A7: 2026-01-05 | B7: 0 | C7: 0 | D7: 0 | E7: 0 | F7: 0 | G7: 0 | H7: 0 | I7: 0 | J7: 0 | K7: 0 | L7: 0 | M7: 0 | N7: 0 | O7: 0 | P7: 0 | Q7: 0 | R7: 0
A8: 2026-01-06 | B8: 0 | C8: 0 | D8: 0 | E8: 0 | F8: 0 | G8: 0 | H8: 0 | I8: 0 | J8: 0 | K8: 0 | L8: 0 | M8: 0 | N8: 0 | O8: 0 | P8: 0 | Q8: 0 | R8: 0
A9: 2026-01-07 | B9: 0 | C9: 0 | D9: 0 | E9: 0 | F9: 0 | G9: 0 | H9: 0 | I9: 0 | J9: 0 | K9: 0 | L9: 0 | M9: 0 | N9: 0 | O9: 0 | P9: 0 | Q9: 0 | R9: 0
A10: 2026-01-08 | B10: 0 | C10: 0 | D10: 0 | E10: 0 | F10: 0 | G10: 0 | H10: 0 | I10: 0 | J10: 0 | K10: 0 | L10: 0 | M10: 0 | N10: 0 | O10: 0 | P10: 0 | Q10: 0 | R10: 0
A11: 2026-01-09 | B11: 0 | C11: 0 | D11: 0 | E11: 0 | F11: 0 | G11: 0 | H11: 0 | I11: 0 | J11: 0 | K11: 0 | L11: 0 | M11: 0 | N11: 0 | O11: 0 | P11: 0 | Q11: 0 | R11: 0
A12: 2026-01-10 | B12: 0 | C12: 0 | D12: 0 | E12: 0 | F12: 0 | G12: 0 | H12: 0 | I12: 0 | J12: 0 | K12: 0 | L12: 0 | M12: 0 | N12: 0 | O12: 0 | P12: 0 | Q12: 0 | R12: 0
A13: 2026-01-11 | B13: 0 | C13: 0 | D13: 0 | E13: 0 | F13: 0 | G13: 0 | H13: 0 | I13: 0 | J13: 0 | K13: 0 | L13: 0 | M13: 0 | N13: 0 | O13: 0 | P13: 0 | Q13: 0 | R13: 0
... A60: 2026-02-27 | B60: 21 | C60: 12 | D60: 5 | E60: 0 | F60: 3 | G60: 0 | H60: 0 | I60: 0 | J60: 12 | K60: 4 | L60: 0 | M60: 0 | N60: 41.666667 | O60: 0 | P60: 0 | Q60: 0 | R60: 0
A61: 2026-02-28 | B61: 56 | C61: 31 | D61: 15 | E61: 3 | F61: 5 | G61: 1 | H61: 1 | I61: 0 | J61: 22 | K61: 8 | L61: 0 | M61: 0 | N61: 48.387097 | O61: 20 | P61: 166.66667 | Q61: 20 | R61: 100 | T61: =SUM(C34:C61) -> 1146
A62: 2026-03-01 | B62: 62 | C62: 44 | D62: 13 | E62: 6 | F62: 1 | G62: 0 | H62: 0 | I62: 0 | J62: 20 | K62: 3 | L62: 0 | M62: 0 | N62: 29.545455 | O62: 46.153846 | P62: 16.666667 | Q62: 0 | R62: 0
A63: 2026-03-02 | B63: 103 | C63: 65 | D63: 24 | E63: 10 | F63: 6 | G63: 2 | H63: 0 | I63: 0 | J63: 38 | K63: 8 | L63: 0 | M63: 0 | N63: 36.923077 | O63: 41.666667 | P63: 60 | Q63: 33.333333 | R63: 0
A64: 2026-03-03 | B64: 109 | C64: 60 | D64: 27 | E64: 11 | F64: 11 | G64: 2 | H64: 1 | I64: 0 | J64: 36 | K64: 16 | L64: 0 | M64: 0 | N64: 45 | O64: 40.740741 | P64: 100 | Q64: 18.181818 | R64: 50
A65: 2026-03-04 | B65: 57 | C65: 24 | D65: 11 | E65: 2 | F65: 4 | G65: 3 | H65: 0 | I65: 0 | J65: 26 | K65: 8 | L65: 0 | M65: 0 | N65: 45.833333 | O65: 18.181818 | P65: 200 | Q65: 75 | R65: 0
A66: 2026-03-05 | B66: 53 | C66: 37 | D66: 20 | E66: 8 | F66: 14 | G66: 1 | H66: 0 | I66: 0 | J66: 34 | K66: 15 | L66: 0 | M66: 0 | N66: 54.054054 | O66: 40 | P66: 175 | Q66: 7.1428571 | R66: 0
A67: 2026-03-06 | B67: 62 | C67: 30 | D67: 6 | E67: 2 | F67: 5 | G67: 0 | H67: 0 | I67: 0 | J67: 24 | K67: 6 | L67: 0 | M67: 0 | N67: 20 | O67: 33.333333 | P67: 250 | Q67: 0 | R67: 0
A68: 2026-03-07 | B68: 32 | C68: 15 | D68: 4 | E68: 4 | F68: 1 | G68: 0 | H68: 0 | I68: 0 | J68: 16 | K68: 3 | L68: 0 | M68: 0 | N68: 26.666667 | O68: 100 | P68: 25 | Q68: 0 | R68: 0
A69: 2026-03-08 | B69: 22 | C69: 19 | D69: 6 | E69: 3 | F69: 2 | G69: 0 | H69: 0 | I69: 0 | J69: 12 | K69: 5 | L69: 0 | M69: 0 | N69: 31.578947 | O69: 50 | P69: 66.666667 | Q69: 0 | R69: 0
A70: 2026-03-09 | B70: 29 | C70: 20 | D70: 7 | E70: 5 | F70: 3 | G70: 0 | H70: 0 | I70: 0 | J70: 18 | K70: 1 | L70: 0 | M70: 0 | N70: 35 | O70: 71.428571 | P70: 60 | Q70: 0 | R70: 0
A71: 2026-03-10 | B71: 26 | C71: 21 | D71: 11 | E71: 11 | F71: 7 | G71: 0 | H71: 0 | I71: 0 | J71: 21 | K71: 8 | L71: 0 | M71: 0 | N71: 52.380952 | O71: 100 | P71: 63.636364 | Q71: 0 | R71: 0
A72: 2026-03-11 | B72: 38 | C72: 16 | D72: 5 | E72: 2 | F72: 0 | G72: 1 | H72: 0 | I72: 0 | J72: 16 | K72: 1 | L72: 1 | M72: 0 | N72: 31.25 | O72: 40 | P72: 0 | Q72: 0 | R72: 0
A73: 2026-03-12 | B73: 52 | C73: 40 | D73: 20 | E73: 15 | F73: 4 | G73: 0 | H73: 0 | I73: 0 | J73: 32 | K73: 5 | L73: 0 | M73: 0 | N73: 50 | O73: 75 | P73: 26.666667 | Q73: 0 | R73: 0
... A118: 2026-04-26 | B118: 0 | C118: 0 | D118: 0 | E118: 0 | F118: 0 | G118: 0 | H118: 0 | I118: 0 | J118: 0 | K118: 0 | L118: 0 | M118: 0 | N118: 0 | O118: 0 | P118: 0 | Q118: 0 | R118: 0
